,ddos,dos,injection,mitm,normal,password,ransomware,scanning,xss
ddos,0.9425556858147714,0.0011723329425556857,0.05509964830011723,0.0,0.0011723329425556857,0.0,0.0,0.0,0.0
dos,0.0,0.9996423462088698,0.0,0.000357653791130186,0.0,0.0,0.0,0.0,0.0
injection,0.0,0.0,1.0,0.0,0.0,0.0,0.0,0.0,0.0
mitm,0.0038461538461538464,0.08461538461538462,0.015384615384615385,0.6884615384615385,0.0038461538461538464,0.07307692307692308,0.0,0.11923076923076924,0.011538461538461539
normal,0.0012726694241170856,0.0,0.0,0.0001590836780146357,0.9985682468978683,0.0,0.0,0.0,0.0
password,0.0,0.0,0.0017672304973491543,0.00025246149962130775,0.0,0.9979803080030295,0.0,0.0,0.0
ransomware,0.0,0.0,0.0,0.0,0.0,0.0,1.0,0.0,0.0
scanning,0.0,0.8888888888888888,0.0,0.0,0.0,0.0,0.0,0.0,0.1111111111111111
xss,0.0,0.0,0.0,0.0,0.0,0.0,0.0,0.0,1.0
