,precision,recall,f1-score,support
0,0.9998408150270615,0.9992045816099269,0.9995225970719287,6286.0
1,0.9995291458706093,0.9999057936881771,0.9997174343034756,10615.0
accuracy,0.999644991420626,0.999644991420626,0.999644991420626,0.999644991420626
macro avg,0.9996849804488354,0.999555187649052,0.9996200156877022,16901.0
weighted avg,0.9996450651841089,0.999644991420626,0.9996449683643297,16901.0
